<?xml version="1.0" encoding="UTF-8"?>
<!DOCTYPE suite SYSTEM "http://testng.org/testng-1.0.dtd">
<suite name="SWAG" parallel="tests" thread-count="5" preserve-order="true">
<listeners>
	<listener class-name = "org.uncommons.reportng.HTMLReporter"/>	
	<listener class-name = "org.uncommons.reportng.JUnitXMLReporter"/>			
</listeners>  
    
  <!-- Test On Prod URL -->
	<test name="TestSWAG" preserve-order="true">
  <parameter name="appURL" value="https://www.saucedemo.com/index.html" />
  <parameter name="automationKit" value="selenium" />  
  <parameter name="browserName" value="firefox" />
  <parameter name="userName" value="XXXXXX" />
  <parameter name="password" value="XXXXX " />
     <classes>     
      <class name="test.swag.testcase.SWAGlabs"/>
    </classes>
  </test>

</suite>